State,District,State Code (v206),CD Code (v250),Name,Party,330- 6a.  Withdrawal of troops from Iraq  (v701),18-  6b. Increase Minimum Wage (v704),443-- 6c.  Federal Funding for Embryonic Stem Cell Research (v707),437-  6d. Allow U. S. spy agencies to eavesdrop on overseas terrorist suspect without first getting a court order (v710),"906 - 6e. Fund a $20 Billion program to provide health insurance for children in families earning <$43,000 (v713)",378- 6f. Consideration of marriage protection amendment against gay marriage (109th Congress) (v716),832-  6g. Federal Assistance for Homeowners Facing Foreclosure and large lending institutions at risk of failing (v719),1060 - 6h.  Extend NAFTA to include Peru and Columbia (v722),Age,Occupation,"Incumbent? (x denotes ""Running for re-election"")",Gender,Race
AL,1,1,1,Jo Bonner,Republican,no,yes,no,yes,no,yes,no,yes,48,"Chief of Staff, Congressman Sonny Calahan",x,M,White
AL,2,1,2,Terry Everett,Republican,no,yes,no,yes,no,yes,no,yes,,,Retiring,M,White
AL,3,1,3,Mike Rogers,Republican,no,yes,no,yes,no,yes,no,yes,49,"Minority Leader, AL House",x,M,White
AL,4,1,4,Robert Aderholt,Republican,no,yes,no,yes,no,yes,no,no,42,Aide to Gov. Fob James,x,M,White
AL,5,1,5,Robert E. (Bud) Cramer,Democratic,no,yes,yes,yes,yes,yes,yes,yes,,,Retiring,M,White
AL,6,1,6,Spencer Bachus,Republican,no,yes,no,yes,no,yes,no,yes,60,"Chairman, AL GOP",x,M,White
AL,7,1,7,Artur Davis,Democratic,yes,yes,yes,yes,yes,yes,yes,yes,40,Assistant US Attorney,x,M,Black
AK,1,2,0,Don E. Young,Republican,no,yes,yes,yes,yes,yes,no,yes,75,Alaska Senate,x,M,White
AZ,1,4,1,Rick Renzi,Republican,no,yes,no,yes,yes,yes,no,yes,,,Retiring,M,White
AZ,2,4,2,Trent Franks,Republican,no,no,no,yes,no,yes,no,yes,51,"Executive Director, Arizona Family Research Institute",x,M,Hispanic
AZ,3,4,3,John B. Shadegg,Republican,no,no,no,yes,no,yes,no,yes,58,Advisor to US Sentencing Commission,x,M,White
AZ,4,4,4,Ed Pastor,Democratic,yes,yes,yes,no,yes,no,yes,no,65,Maricopa Cty. Supervisor,x,M,Hispanic
AZ,5,4,5,Harry Mitchell,Democratic,no,yes,yes,yes,yes,,yes,yes,67,"Chair, Arizona Democratic Party",x,M,White
AZ,6,4,6,Jeff Flake,Republican,no,no,no,yes,no,yes,no,yes,45,"Executive Director, Goldwater Institute",x,M,White
AZ,7,4,7,Raul Grijalva,Democratic,yes,yes,yes,no,yes,no,yes,no,60,"Chairman, Pima County Board of Supervisors",x,M,Hispanic
AZ,8,4,8,Gabrielle Giffords,Democratic,no,yes,yes,yes,yes,,yes,not voting,38,State Senate,x,F,White
AR,1,5,1,Marion Berry,Democratic,yes,yes,yes,yes,yes,yes,yes,yes,65,White House Domestic Policy Council,x,M,White
AR,2,5,2,Vic Snyder,Democratic,no,yes,yes,yes,yes,no,yes,yes,61,Arkansas House of Representatives,x,M,White
AR,3,5,3,John Boozman,Republican,no,yes,no,yes,no,yes,no,yes,57,Optometrist and rancher,x,M,White
AR,4,5,4,Mike Ross,Democratic,no,yes,yes,yes,yes,yes,yes,yes,46,Arkansas State Senate,x,M,White
CA,1,6,1,Mike Thompson,Democratic,yes,yes,yes,no,yes,no,yes,yes,57,California State Senate,x,M,White
CA,2,6,2,Wally Herger,Republican,no,no,no,yes,not voting,yes,no,yes,63,California State Assembly,x,M,White
CA,3,6,3,Dan Lungren,Republican,no,no,no,yes,no,yes,no,not voting,62,CA Attorney General,x,M,White
CA,4,6,4,John T. Doolittle,Republican,no,no,no,yes,no,yes,no,yes,,,Retiring,M,White
CA,5,6,5,Doris O. Matsui,Democratic,yes,yes,yes,no,yes,no,yes,yes,64,"Dir. of Government Relations, Collier, Shannon, and Scott.",x,F,Other
CA,6,6,6,Lynn C. Woolsey,Democratic,yes,yes,yes,no,yes,no,yes,no,71,"Member, Petaluma City Council",x,F,White
CA,7,6,7,George Miller,Democratic,yes,yes,yes,no,yes,no,yes,no,63,Legislative Assistant,x,M,White
CA,8,6,8,Nancy Pelosi,Democratic,yes,yes,yes,yes,yes,no,yes,yes,68,,x,F,White
CA,9,6,9,Barbara Lee,Democratic,yes,yes,yes,no,yes,no,yes,no,62,social worker/political assistant,x,F,Black
CA,10,6,10,Ellen O. Tauscher,Democratic,yes,yes,yes,yes,yes,no,yes,yes,56,investment banker,x,F,White
CA,11,6,11,Jerry McNerney,Democratic,no,yes,yes,yes,yes,,yes,no,57,"engineer, energy scientist",x,M,White
CA,12,6,12,Jackie Speier,Democratic,,,,no,,,,,58,California State Senate,x,F,White
CA,13,6,13,"Fortney ""Pete"" Stark",Democratic,yes,yes,yes,not voting,yes,no,yes,no,76,,x,M,White
CA,14,6,14,Anna G. Eshoo,Democratic,yes,yes,yes,no,yes,no,yes,yes,65,,x,F,White
CA,15,6,15,Michael M. Honda,Democratic,yes,yes,yes,no,yes,no,yes,yes,67,,x,M,Other
CA,16,6,16,Zoe Lofgren,Democratic,yes,yes,yes,no,yes,no,yes,yes,60,,x,F,White
CA,17,6,17,Sam Farr,Democratic,yes,yes,yes,no,yes,no,yes,yes,67,,x,M,White
CA,18,6,18,Dennis A. Cardoza,Democratic,no,yes,yes,yes,yes,no,yes,yes,49,rancher/small business owner,x,M,Hispanic
CA,19,6,19,George P. Radanovich,Republican,no,no,no,yes,no,yes,no,yes,53,banker,x,M,White
CA,20,6,20,Jim Costa,Democratic,no,yes,yes,yes,yes,no,yes,yes,56,,x,M,Hispanic
CA,21,6,21,Devin G. Nunes,Republican,no,no,no,yes,no,yes,no,yes,,,x,M,Hispanic
CA,22,6,22,Kevin McCarthy,Republican,no,no,no,yes,no,no,no,yes,,,x,M,White
CA,23,6,23,Lois G. Capps,Democratic,yes,yes,yes,no,yes,no,yes,yes,,,x,F,White
CA,24,6,24,Elton Gallegly,Republican,no,no,no,yes,no,yes,no,yes,,,x,M,White
CA,25,6,25,"Howard P. ""Buck"" McKeon",Republican,no,no,yes,yes,no,yes,no,yes,,,x,M,White
CA,26,6,26,David Dreier,Republican,no,no,yes,yes,no,no,no,yes,,,x,M,White
CA,27,6,27,Brad Sherman,Democratic,yes,yes,yes,yes,yes,no,yes,no,,,x,M,White
CA,28,6,28,Howard L. Berman,Democratic,no,yes,yes,yes,yes,no,yes,yes,,,x,M,White
CA,29,6,29,Adam B. Schiff,Democratic,yes,yes,yes,yes,yes,no,yes,yes,,,x,M,White
CA,30,6,30,Henry A. Waxman,Democratic,yes,yes,yes,no,yes,no,yes,yes,,,x,M,White
CA,31,6,31,Xavier Becerra,Democratic,yes,yes,yes,no,yes,no,yes,yes,,,x,M,Hispanic
CA,32,6,32,Hilda L. Solis,Democratic,yes,yes,yes,no,yes,no,yes,no,,,x,F,Hispanic
CA,33,6,33,Diane E. Watson,Democratic,yes,yes,yes,no,"answered ""present""",no,yes,no,,,x,F,Black
CA,34,6,34,Lucille Roybal-Allard,Democratic,yes,yes,yes,no,yes,no,yes,no,,,x,F,Hispanic
CA,35,6,35,Maxine Waters,Democratic,yes,yes,yes,no,yes,no,yes,no,,,x,F,Black
CA,36,6,36,Jane Harman,Democratic,yes,yes,yes,yes,yes,no,yes,yes,,,x,F,White
CA,37,6,37,Laura Richardson,Democratic,,,,yes,yes,,,no,,,x,F,Black
CA,38,6,38,Grace Flores Napolitano,Democratic,yes,yes,yes,no,yes,no,yes,no,,,x,F,Hispanic
CA,39,6,39,Linda T. Sanchez,Democratic,yes,yes,yes,no,yes,no,yes,no,,,x,F,Hispanic
CA,40,6,40,Ed Royce,Republican,no,no,no,yes,no,yes,no,yes,,,x,M,White
CA,41,6,41,Jerry Lewis,Republican,no,no,yes,yes,no,yes,no,yes,,,x,M,White
CA,42,6,42,Gary G. Miller,Republican,no,not voting,no,yes,no,yes,no,yes,,,x,M,White
CA,43,6,43,Joe Baca,Democratic,yes,yes,yes,yes,yes,no,yes,no,,,x,M,Hispanic
CA,44,6,44,Ken Calvert,Republican,no,no,yes,yes,no,yes,no,yes,,,x,M,White
CA,45,6,45,Mary Bono Mack,Republican,no,yes,yes,yes,yes,no,no,yes,,,x,F,White
CA,46,6,46,Dana Rohrabacher,Republican,no,no,yes,yes,no,yes,no,yes,,,x,M,White
CA,47,6,47,Loretta Sanchez,Democratic,yes,yes,yes,no,yes,no,yes,no,,,x,F,Hispanic
CA,48,6,48,John Campbell,Republican,no,no,no,yes,no,yes,no,yes,,,x,M,White
CA,49,6,49,Darrell Issa,Republican,no,no,yes,yes,no,yes,no,yes,,,x,M,White
CA,50,6,50,Brian Bilbray,Republican,no,no,yes,yes,no,yes,no,yes,,,x,M,White
CA,51,6,51,Bob Filner,Democratic,yes,yes,yes,no,yes,no,yes,no,,,x,M,White
CA,52,6,52,Duncan Hunter,Republican,no,no,no,yes,no,yes,not voting,not voting,,,Retiring/ran for President,M,White
CA,53,6,53,Susan A. Davis,Democratic,yes,yes,yes,no,yes,no,yes,yes,,,x,F,White
CO,1,8,1,Diana DeGette,Democratic,yes,yes,yes,no,yes,no,yes,yes,51,Colorado House of Representatives,x,F,White
CO,2,8,2,Mark Udall,Democratic,no,yes,yes,yes,yes,no,yes,yes,,,Running for US Senate,M,White
CO,3,8,3,John T. Salazar,Democratic,no,yes,yes,yes,yes,no,yes,yes,55,Rancher,x,M,Hispanic
CO,4,8,4,Marilyn N. Musgrave,Republican,no,no,no,yes,no,yes,no,yes,59,Colorado State Senate,x,F,White
CO,5,8,5,Doug Lamborn,Republican,no,no,no,yes,no,,no,yes,54,Colorado State Senate,x,M,White
CO,6,8,6,Thomas G. Tancredo,Republican,no,no,not voting,yes,no,yes,not voting,yes,,,Retiring/Ran for President,M,White
CO,7,8,7,Ed Perlmutter,Democratic,yes,yes,yes,yes,yes,,yes,yes,55,Colorado State Senate,x,M,White
CT,1,9,1,John B. Larson,Democratic (Working Families),yes,yes,yes,no,yes,no,yes,yes,60,Connecticut Senate; businessman,x,M,White
CT,2,9,2,Joseph D. Joe Courtney,Democratic (Working Families),yes,yes,yes,no,yes,,yes,no,55,State Representative; Attorney,x,M,White
CT,3,9,3,Rosa L. DeLauro,Democratic (Working Families),yes,yes,yes,no,yes,no,yes,no,65,Exec. Dir. Of Emily's List,x,M,White
CT,4,9,4,Christopher Shays,Republican,no,yes,yes,yes,yes,no,yes,yes,62,CT State House,x,M,White
CT,5,9,5,Chris Murphy,Democratic (Working Families),yes,yes,no,no,yes,,yes,no,35,CT State Senate,x,M,White
DE,1,10,0,Michael N. Castle,Republican,no,yes,yes,yes,yes,no,yes,yes,,,x,M,White
FL,1,12,1,Jeff Miller,Republican,no,no,no,yes,no,yes,no,not voting,49,Florida House of Reps,x,M,White
FL,2,12,2,Allen Boyd,Democratic,no,yes,yes,yes,yes,yes,no,yes,63,Florida House of Reps,x,M,White
FL,3,12,3,Corrine Brown,Democratic,not voting,yes,yes,yes ,yes,no,yes,yes,61,Florida House of Reps,x,F,Black
FL,4,12,4,Ander Crenshaw,Republican,no,yes,no,yes,no,yes,not voting,yes,63,Florida Senate,x,M,White
FL,5,12,5,"Virginia ""Ginny"" Brown-Waite",Republican,no,yes,yes,not voting,no,yes,no,yes,64,Florida State Senate,x,F,White
FL,6,12,6,Clifford B. Stearns,Republican,no,yes,no,yes,no,yes,no,yes,67,Businessman,x,M,White
FL,7,12,7,John L. Mica,Republican,no,no,no,yes,no,yes,no,yes,65,Florida House of Reps,x,M,White
FL,8,12,8,Ric Keller,Republican,no,yes,no,yes,no,yes,no,yes,43,attorney,x,M,White
FL,9,12,9,Gus Michael Bilirakis,Republican,no,yes,no,yes,no,yes,no,yes,45,Florida House of Reps,x,M,White
FL,10,12,10,"C. W. ""Bill"" Young",Republican,no,yes,yes,yes,yes,yes,no,yes,,,x,M,White
FL,11,12,11,Kathy Castor,Democratic,yes,yes,yes,yes,no,,yes,yes,,,x,F,White
FL,12,12,12,Adam H. Putnam,Republican,no,no,no,yes,no,yes,no,yes,,,x,M,White
FL,13,12,13,Vern Buchanan,Republican,no,yes,no,yes,yes,,no,yes,,,x,M,White
FL,14,12,14,Connie Mack,Republican,no,no,yes,yes,no,yes,no,yes,,,x,M,White
FL,15,12,15,Dave Weldon,Republican,no,no,no,yes,no,yes,no,yes,,,Retiring,M,White
FL,16,12,16,Tim Mahoney,Democratic,no,yes,yes,yes,yes,,yes,yes,,,x,M,White
FL,17,12,17,Kendrick B. Meek,Democratic,yes,yes,yes,no,yes,no,yes,yes,,,x,M,Black
FL,18,12,18,Ileana Ros-Lehtinen,Republican,no,yes,no,yes,no,no,no,yes,,,x,F,Hispanic
FL,19,12,19,Robert Wexler,Democratic,yes,yes,yes,no,yes,no,yes,no,,,x,M,White
FL,20,12,20,Debbie Wasserman Schultz,Democratic,yes,yes,yes,no,yes,no,yes,yes,,,x,F,White
FL,21,12,21,Lincoln Diaz-Balart,Republican,no,yes,no,yes,no,no,no,yes,,,x,M,Hispanic
FL,22,12,22,Ron Klein,Democratic,yes,yes,yes,yes,yes,,not voting,yes,,,x,M,White
FL,23,12,23,Alcee L. Hastings,Democratic,yes,yes,not voting,yes,yes,no,yes,no,,,x,M,Black
FL,24,12,24,Tom Feeney,Republican,no,no,no,yes,no,yes,no,yes,,,x,M,White
FL,25,12,25,Mario Diaz-Balart,Republican,no,yes,no,yes,no,no,no,yes,,,x,M,Hispanic
GA,1,13,1,Jack Kingston,Republican,no,no,no,yes,no,yes,no,yes,,,x,M,White
GA,2,13,2,Sanford Bishop,Democratic,no,yes,yes,yes,yes,yes,yes,yes,,,x,M,Black
GA,3,13,3,Lynn Westmoreland,Republican,no,no,no,yes,no,yes,no,yes,,,x,M,White
GA,4,13,4,"Henry C. ""Hank"" Johnson, Jr.",Democratic,yes,yes,yes,no,yes,,yes,no,,,x,M,Black
GA,5,13,5,John Lewis,Democratic,yes,yes,yes,no,yes,no,yes,yes,,,x,M,Black
GA,6,13,6,Tom Price,Republican,no,no,no,yes,no,no,no,yes,,,x,M,White
GA,7,13,7,John Linder,Republican,no,no,no,yes,no,yes,no,yes,,,x,M,White
GA,8,13,8,Jim Marshall,Democratic,no,yes,no,yes,no,yes,no,no,,,x,M,White
GA,9,13,9,Nathan Deal,Republican,no,no,no,yes,no,yes,no,yes,,,x,M,White
GA,10,13,10,Paul Broun,Republican,,,,yes,no,,no,yes,,,x,M,White
GA,11,13,11,Phil Gingrey,Republican,no,no,no,yes,no,yes,no,yes,,,x,M,White
GA,12,13,12,John Barrow,Democratic,no,yes,yes,yes,yes,yes,no,yes,,,x,M,White
GA,13,13,13,David Scott,Democratic,no,yes,yes,yes,yes,yes,yes,no,,,x,M,Black
HI,1,15,1,Neil Abercrombie,Democratic,yes,yes,yes,no,yes,no,yes,no,,,x,M,White
HI,2,15,2,Mazie K. Hirono,Democratic,yes,yes,yes,no,yes,,yes,no,,,x,F,Other
ID,1,16,1,Bill Sali,Republican,no,no,no,yes,no,,no,yes,,,x,M,White
ID,2,16,2,Mike Simpson,Republican,no,yes,no,yes,yes,yes,no,yes,,,x,M,White
IL,1,17,1,Bobby L. Rush,Democratic,yes,yes,yes,not voting,yes,no,yes,no,,,x,M,Black
IL,2,17,2,"Jesse L. Jackson, Jr.",Democratic,yes,yes,yes,no,yes,no,yes,no,,,x,M,Black
IL,3,17,3,Daniel William Lipinski,Democratic,no,yes,no,yes,yes,answered  present,yes,no,,,x,M,White
IL,4,17,4,Luis V. Gutierrez,Democratic,yes,yes,yes,yes,yes,no,yes,no,,,x,M,Hispanic
IL,5,17,5,Rahm Emanuel,Democratic,yes,yes,yes,yes,yes,no,yes,yes,,,x,M,White
IL,6,17,6,Peter J. Roskam,Republican,no,no,no,yes,no,,no,yes,,,x,M,White
IL,7,17,7,Danny K. Davis,Democratic,yes,yes,yes,no,yes,not voting,yes,no,,,x,M,Black
IL,8,17,8,Melissa Bean,Democratic,no,yes,yes,yes,yes,no,yes,yes,,,x,F,White
IL,9,17,9,Jan Schakowsky,Democratic,yes,yes,yes,no,yes,no,yes,no,,,x,F,White
IL,10,17,10,Mark Steven Kirk,Republican,no,yes,yes,yes,yes,no,yes,yes,,,x,M,White
IL,11,17,11,Jerry Weller,Republican,no,yes,no,not voting,no,yes,no,yes,,,Retiring,M,White
IL,12,17,12,Jerry F. Costello,Democratic,yes,yes,no,no,yes,yes,yes,no,,,x,M,White
IL,13,17,13,Judy Biggert,Republican,no,yes,yes,yes,no,no,no,yes,,,x,F,White
IL,14,17,14,Bill Foster,Democratic,,,,no,,,,,,,x,M,White
IL,15,17,15,Timothy V. Johnson,Republican,no,yes,no,no,no,yes,yes,yes,,,x,M,White
IL,16,17,16,Donald A. Manzullo,Republican,no,no,no,yes,no,yes,no,yes,,,x,M,White
IL,17,17,17,Phil Hare,Democratic,yes,yes,yes,no,yes,,yes,no,,,x,M,White
IL,18,17,18,Ray LaHood,Republican,no,yes,no,yes,yes,yes,not voting,not voting,,,Retiring,M,White
IL,19,17,19,John M. Shimkus,Republican,no,yes,no,yes,no,yes,no,yes,,,x,M,White
IN,1,18,1,Peter J. Visclosky,Democratic,yes,yes,yes,not voting,yes,no,yes,no,,,x,M,White
IN,2,18,2,Joe Donnelly,Democratic,no,yes,no,yes,yes,,yes,no,,,x,M,White
IN,3,18,3,Mark Edward Souder,Republican,not voting,no,no,yes,no,yes,no,yes,,,x,M,White
IN,4,18,4,Steve Buyer,Republican,no,not voting,no,yes,no,yes,no,not voting,,,x,M,White
IN,5,18,5,Dan Burton,Republican,no,no,no,yes,no,yes,no,yes,,,x,M,White
IN,6,18,6,Mike Pence,Republican,no,no,no,yes,no,yes,no,yes,,,x,M,White
IN,7,18,7,Andre D. Carson,Democratic,yes,yes,yes,no,not voting,no,yes,not voting,,,x,M,Black
IN,8,18,8,Brad Ellsworth,Democratic,no,yes,no,yes,yes,,yes,yes,,,x,M,White
IN,9,18,9,Baron P. Hill,Democratic,no,yes,yes,no,no,,yes,yes,,,x,M,White
IA,1,19,1,Bruce Braley,Democratic,yes,yes,yes,no,yes,,yes,not voting,,,x,M,White
IA,2,19,2,David Wayne Loebsack,Democratic,yes,yes,yes,no,yes,,yes,no,,,x,M,White
IA,3,19,3,Leonard L. Boswell,Democratic,no,yes,yes,yes,yes,no,yes,yes,,,x,M,White
IA,4,19,4,"Thomas P. ""Tom"" Latham",Republican,no,yes,no,yes,yes,yes,no,yes,,,x,M,White
IA,5,19,5,"Steven A. ""Steve"" King",Republican,no,no,no,yes,no,yes,no,yes,,,x,M,White
KS,1,20,1,Jerry Moran,Republican,no,yes,no,yes,yes,yes,no,yes,,,x,M,White
KS,2,20,2,Nancy E. Boyda,Democratic,no,yes,yes,yes,yes,,yes,no,,,x,F,White
KS,3,20,3,Dennis Moore,Democratic,no,yes,yes,yes,yes,no,yes,yes,,,x,M,White
KS,4,20,4,Todd W. Tiahrt,Republican,no,no,no,not voting,no,yes,no,yes,,,x,M,White
KY,1,21,1,"Edward ""Ed"" Whitfield",Republican,no,yes,no,yes,no,yes,no,yes,,,x,M,White
KY,2,21,2,Ron Lewis,Republican,no,no,no,yes,no,yes,no,yes,,,Retiring,M,White
KY,3,21,3,John A. Yarmuth,Democratic,yes,yes,yes,yes,yes,,yes,no,,,x,M,White
KY,4,21,4,Geoff Davis,Republican,no,yes,no,yes,no,yes,no,yes,,,x,M,White
KY,5,21,5,"Harold Dallas ""Hal"" Rogers",Republican,no,yes,no,yes,no,yes,no,yes,,,x,M,White
KY,6,21,6,"A.B. ""Ben"" Chandler, III",Democratic,no,yes,yes,yes,yes,yes,yes,no,,,x,M,White
LA,1,22,1,"Stephen J. ""Steve"" Scalise",Republican,,,,yes,,,,,,,x,M,White
LA,2,22,2,William J. Jefferson,Democratic,yes,yes,not voting,no,yes,yes,yes,no,,,x,M,Black
LA,3,22,3,"""Charlie Melancon, Jr.",Democratic,no,yes,yes,yes,yes,yes,no,yes,,,x,M,White
LA,4,22,4,Jim McCrery,Republican,no,no,no,yes,no,yes,no,yes,,,Retiring,M,White
LA,5,22,5,Rodney Alexander,Republican,no,yes,no,yes,no,yes,no,yes,,,x,M,White
LA,6,22,6,"Donald J. ""Don"" Cazayoux, Jr.",Democratic,,,yes,yes,,,,,,,x,M,White
LA,7,22,7,"Charles W. Boustany, Jr.",Republican,no,no,no,yes,no,yes,no,yes,,,x,M,White
ME,1,23,1,Thomas H. Allen,Democratic,yes,yes,yes,no,yes,no,yes,no,,,Running for US Senate,M,White
ME,2,23,2,Michael H. Michaud,Democratic,yes,yes,yes,no,yes,no,yes,no,,,x,M,White
MD,1,24,1,Wayne T. Gilchrest,Republican,yes,yes,yes,not voting,yes,no,yes,yes,,,Lost primary,M,White
MD,2,24,2,C.A. Dutch Ruppersberger,Democratic,no,yes,yes,yes,yes,no,yes,yes,,,x,M,White
MD,3,24,3,John P. Sarbanes,Democratic,yes,yes,yes,no,yes,,yes,no,,,x,M,White
MD,4,24,4,Donna Fern Edwards,Democratic,,,,no,,,,,,,x,F,Black
MD,5,24,5,Steny Hamilton Hoyer,Democratic,no,yes,yes,yes,yes,no,yes,yes,,,x,M,White
MD,6,24,6,Roscoe Bartlett,Republican,no,no,no,yes,no,yes,yes,yes,,,x,M,White
MD,7,24,7,Elijah Cummings,Democratic,yes,yes,yes,no,yes,no,yes,no,,,x,M,Black
MD,8,24,8,Chris Van Hollen,Democratic,yes,yes,yes,no,yes,no,yes,yes,,,x,M,White
MA,1,25,1,John W. Olver,Democratic,yes,yes,yes,no,yes,no,yes,no,,,x,M,White
MA,2,25,2,Richard E. Neal,Democratic,yes,yes,yes,no,yes,no,yes,yes,,,x,M,White
MA,3,25,3,James P. McGovern,Democratic,yes,yes,yes,no,yes,no,yes,no,,,x,M,White
MA,4,25,4,Barney Frank,Democratic,yes,yes,yes,no,yes,no,yes,yes,,,x,M,White
MA,5,25,5,Nicola S. Tsongas,Democratic,,,,no,,,,no,,,x,F,White
MA,6,25,6,John F. Tierney,Democratic,yes,yes,yes,no,yes,no,yes,no,,,x,M,White
MA,7,25,7,Edward J. Markey,Democratic,yes,yes,yes,no,yes,no,yes,no,,,x,M,White
MA,8,25,8,Michael E. Capuano,Democratic,yes,yes,yes,no,yes,no,yes,no,,,x,M,White
MA,9,25,9,Stephen F. Lynch,Democratic,yes,yes,yes,no,yes,no,yes,yes,,,x,M,White
MA,10,25,10,William D. Delahunt,Democratic,yes,yes,yes,no,not voting,no,yes,no,,,x,M,White
MI,1,26,1,Bart Stupak,Democratic,yes,yes,no,yes,yes,no,yes,no,,,x,M,White
MI,2,26,2,Peter Hoekstra,Republican,no,no,no,yes,no,yes,no,no,,,x,M,White
MI,3,26,3,Vernon J. Ehlers,Republican,no,yes,no,yes,yes,yes,yes,yes,,,x,M,White
MI,4,26,4,Dave Camp,Republican,no,no,no,yes,no,yes,no,yes,,,x,M,White
MI,5,26,5,Dale E. Kildee,Democratic,yes,yes,yes,yes,yes,no,yes,no,,,x,M,White
MI,6,26,6,Fred Upton,Republican,no,yes,yes,yes,yes,yes,yes,yes,,,x,M,White
MI,7,26,7,Tim Walberg,Republican,no,no,no,yes,no,,no,yes,,,x,M,White
MI,8,26,8,Mike Rogers,Republican,no,no,no,yes,no,yes,no,yes,,,x,M,White
MI,9,26,9,Joe Knollenberg,Republican,no,not voting,no,yes,no,no,yes,yes,,,x,M,White
MI,10,26,10,Candice S. Miller,Republican,no,yes,no,yes,yes,yes,no,yes,,,x,F,White
MI,11,26,11,Thaddeus G. McCotter,Republican,no,yes,no,yes,no,yes,no,yes,,,x,M,White
MI,12,26,12,Sander Levin,Democratic,yes,yes,yes,no,yes,no,yes,yes,,,x,M,White
MI,13,26,13,Carolyn Cheeks Kilpatrick,Democratic,yes,yes,yes,no,yes,no,yes,no,,,x,F,Black
MI,14,26,14,"John Conyers, Jr.",Democratic,yes,yes,yes,no,yes,no,yes,no,,,x,M,Black
MI,15,26,15,John D. Dingell,Democratic,yes,yes,yes,no,yes,no,yes,yes,,,x,M,White
MN,1,27,1,"Timothy J. ""Tim"" Walz",Democratic-Farmer-Labor,yes,yes,yes,no,yes,,yes,no,,,x,M,White
MN,2,27,2,John P. Kline,Republican,no,no,no,yes,no,yes,no,yes,,,x,M,White
MN,3,27,3,Jim Ramstad,Republican,no,yes,yes,yes,yes,yes,yes,yes,,,Retiring,M,White
MN,4,27,4,Betty McCollum,Democratic-Farmer-Labor,yes,yes,yes,no,yes,no,yes,yes,,,x,F,White
MN,5,27,5,Keith Maurice Ellison,Democratic-Farmer-Labor,yes,yes,yes,no,yes,,yes,no,,,x,M,Black
MN,6,27,6,Michele M. Bachmann,Republican,no,no,no,yes,no,,no,yes,,,x,F,White
MN,7,27,7,Collin C. Peterson,Democratic-Farmer-Labor,no,yes,no,yes,yes,yes,yes,no,,,x,M,White
MN,8,27,8,"James L. ""Jim"" Oberstar",Democratic-Farmer-Labor,yes,yes,no,no,yes,no,yes,not voting,,,x,M,White
MS,1,28,1,Travis W. Childers,Democratic,,,,yes,,,,,,,x,M,White
MS,2,28,2,Bennie G. Thompson,Democratic,yes,yes,yes,yes,yes,yes,yes,no,,,x,M,Black
MS,3,28,3,"Charles W. ""Chip"" Pickering",Republican,no,no,not voting,yes,no,yes,no,yes,,,Retiring,M,White
MS,4,28,4,Gene Taylor,Democratic,no,yes,no,yes,no,yes,yes,no,,,x,M,White
MO,1,29,1,"William Lacy Clay, Jr.",Democratic,yes,yes,yes,no,yes,no,not voting,yes,,,x,M,Black
MO,2,29,2,Todd Akin,Republican,no,no,no,yes,no,yes,no,yes,,,x,M,White
MO,3,29,3,Russ Carnahan,Democratic,yes,yes,yes,no,yes,no,yes,no,,,x,M,White
MO,4,29,4,Ike Skelton,Democratic,no,yes,yes,yes,yes,yes,not voting,yes,,,x,M,White
MO,5,29,5,"Emanuel Cleaver, II",Democratic,yes,yes,yes,yes,yes,no,yes,yes,,,x,M,Black
MO,6,29,6,Sam Graves,Republican,no,no,no,yes,no,yes,no,yes,,,x,M,White
MO,7,29,7,Roy Blunt,Republican,no,no,no,yes,no,yes,no,yes,,,x,M,White
MO,8,29,8,Jo Ann Emerson,Republican,no,yes,yes,yes,yes,yes,no,yes,,,x,F,White
MO,9,29,9,Kenny C. Hulshof,Republican,no,yes,no,yes,no,yes,no,yes,,,Running for Governor,M,White
MT,1,30,0,Denny Rehberg,Republican,no,no,no,yes,yes,yes,no,yes,,,x,M,White
NE,1,31,1,Jeff Fortenberry,Republican,no,no,no,yes,no,yes,yes,yes,,,x,M,White
NE,2,31,2,Lee Terry,Republican,no,no,no,yes,no,yes,no,yes,,,x,M,White
NE,3,31,3,Adrian M. Smith,Republican,no,no,no,yes,no,,no,yes,,,x,M,White
NV,1,32,1,Shelley Berkley,Democratic,no,yes,yes,yes,yes,no,yes,no,,,x,F,White
NV,2,32,2,Dean Heller,Republican,no,no,yes,yes,no,,no,yes,,,x,M,White
NV,3,32,3,"Jon C. Porter, Sr.",Republican,no,no,not voting,yes,yes,yes,no,yes,,,x,M,White
NH,1,33,1,Carol Shea-Porter,Democratic,yes,yes,yes,no,yes,,yes,no,,,x,F,White
NH,2,33,2,Paul W. Hodes,Democratic,yes,yes,yes,no,yes,,yes,no,,,x,M,White
NJ,1,34,1,"Robert E. ""Rob"" Andrews",Democratic,yes,yes,yes,no,yes,no,yes,no,,,x,M,White
NJ,2,34,2,Frank A. LoBiondo,Republican,no,yes,no,yes,yes,yes,yes,no,,,x,M,White
NJ,3,34,3,Jim Saxton,Republican,no,yes,no,yes,no,yes,not voting,yes,,,Retiring,M,White
NJ,4,34,4,"Christopher H. ""Chris"" Smith",Republican,no,yes,no,yes,yes,yes,yes,no,,,x,M,White
NJ,5,34,5,"Ernest Scott ""Scott"" Garrett",Republican,no,no,no,yes,no,yes,no,yes,,,x,M,White
NJ,6,34,6,"Frank Pallone, Jr.",Democratic,yes,yes,yes,no,yes,no,yes,no,,,x,M,White
NJ,7,34,7,Mike Ferguson,Republican,no,yes,no,yes,yes,yes,yes,yes,,,Retiring,M,White
NJ,8,34,8,"William J. ""Bill"" Pascrell, Jr.",Democratic,yes,yes,yes,no,yes,no,yes,yes,,,x,M,White
NJ,9,34,9,Steven R. Rothman,Democratic,yes,yes,yes,no,yes,no,yes,not voting,,,x,M,White
NJ,10,34,10,Donald M. Payne,Democratic,yes,yes,yes,no,yes,no,yes,no,,,x,M,Black
NJ,11,34,11,Rodney P. Frelinghuysen,Republican,no,yes,yes,yes,no,no,yes,yes,,,x,M,White
NJ,12,34,12,Rush D. Holt,Democratic,yes,yes,yes,no,yes,no,yes,no,,,x,M,White
NJ,13,34,13,Albio Sires,Democratic,yes,yes,yes,yes,yes,,yes,yes,,,x,M,Hispanic
NM,1,35,1,Heather Wilson,Republican,no,yes,yes,yes,yes,yes,no,yes,,,Lost Senate Primary,F,White
NM,2,35,2,Stevan Pearce,Republican,no,no,no,yes,no,yes,no,yes,,,Running for Senate,M,White
NM,3,35,3,Tom Udall,Democratic,yes,yes,yes,no,yes,no,yes,no,,,Running for Senate,M,White
NY,1,36,1,"Timothy H. ""Tim"" Bishop",Democratic; Working Families; Independence,yes,yes,yes,yes,yes,no,yes,yes,,,x,M,White
NY,2,36,2,Steve J. Israel,Democratic; Working Families; Independence,yes,yes,yes,no,yes,no,yes,yes,,,x,M,White
NY,3,36,3,"Peter T. ""Pete"" King",Republican; Conservative; Independence,no,yes,no,yes,yes,yes,no,yes,,,x,M,White
NY,4,36,4,Carolyn McCarthy,Democratic; Working Families; Independence,yes,yes,yes,yes,yes,,yes,yes,,,x,F,White
NY,5,36,5,Gary L. Ackerman,Democratic; Working Families; Independence,yes,yes,yes,yes,yes,no,yes,yes,,,x,M,White
NY,6,36,6,Gregory Weldon Meeks,Democratic,yes,yes,yes,yes,yes,no,yes,yes,,,x,M,Black
NY,7,36,7,Joseph Crowley,Democratic; Working Families,yes,yes,yes,yes,yes,no,yes,yes,,,x,M,White
NY,8,36,8,"Jerrold Lewis ""Jerry"" Nadler",Democratic; Working Families,yes,yes,yes,no,yes,no,yes,no,,,x,M,White
NY,9,36,9,Anthony D. Weiner,Democratic; Working Families,yes,yes,yes,no,yes,no,yes,yes,,,x,M,White
NY,10,36,10,"Edolphus ""Ed"" Towns",Democratic,yes,yes,yes,no,yes,no,yes,yes,,,x,M,Black
NY,11,36,11,Yvette D. Clarke,Democratic; Working Families,yes,yes,yes,no,yes,,not voting,yes,,,x,F,Black
NY,12,36,12,Nydia M. Velazquez,Democratic; Working Families,yes,yes,yes,no,yes,no,yes,no,,,x,F,Hispanic
NY,13,36,13,Vito Fossella,Republican,no,yes,yes,yes,yes,yes,no,yes,,,Retiring,M,White
NY,14,36,14,Carolyn B. Maloney,Democratic; Working Families,yes,yes,yes,no,yes,no,yes,yes,,,x,F,White
NY,15,36,15,Charles B. Rangel,Democratic; Working Families,yes,yes,yes,no,yes,no,yes,yes,,,x,M,Black
NY,16,36,16,Jose E. Serrano,Democratic; Working Families,yes,yes,yes,no,yes,no,yes,no,,,x,M,Hispanic
NY,17,36,17,Eliot L. Engel,Democratic; Working Families; Independence,not voting,yes,yes,yes,yes,no,yes,yes,,,x,M,White
NY,18,36,18,Nita M. Lowey,Democratic; Working Families,yes,yes,yes,yes,yes,no,yes,yes,,,x,F,White
NY,19,36,19,John Joseph Hall,Democratic; Working Families,yes,yes,yes,no,yes,,yes,no,,,x,M,White
NY,20,36,20,Kirsten E. Gillibrand,Democratic; Working Families,yes,yes,yes,yes,yes,,yes,yes,,,x,F,White
NY,21,36,21,Michael R. McNulty,Democratic,yes,yes,yes,no,yes,no,yes,no,,,Retiring,M,White
NY,22,36,22,Maurice D. Hinchey,Democratic; Working Families; Independence,yes,yes,yes,no,yes,no,yes,no,,,x,M,White
NY,23,36,23,John M. McHugh,Republican; Conservative; Independence,no,yes,no,yes,yes,yes,yes,no,,,x,M,White
NY,24,36,24,"Michael Angelo ""Mike"" Arcuri",Democratic; Working Families,yes,yes,yes,yes,yes,,yes,no,,,x,M,White
NY,25,36,25,James T. Walsh,Republican,no,yes,no,yes,yes,yes,yes,yes,,,Retiring,M,White
NY,26,36,26,Thomas M. Reynolds,Repubican,no,no,no,not voting,no,yes,no,yes,,,Retiring,M,White
NY,27,36,27,Brian M. Higgins,Democratic; Working Families,yes,yes,yes,yes,yes,no,yes,no,,,x,M,White
NY,28,36,28,Louise McIntosh Slaughter,Democratic; Working Families; Independence,yes,yes,yes,no,yes,no,yes,no,,,x,F,White
NY,29,36,29,"John R. ""Randy"" Kuhl, Jr.",Republican; Conservative; Independence,no,yes,no,yes,no,yes,no,yes,,,x,M,White
NC,1,37,1,G. K. Butterfield,Democratic,yes,yes,yes,yes,yes,no,yes,yes,,,x,M,Black
NC,2,37,2,Bob Etheridge,Democratic,no,yes,yes,yes,no,yes,yes,yes,,,x,M,White
NC,3,37,3,Walter B. Jones,Republican,no,yes,no,not voting,no,yes,no,no,,,x,M,White
NC,4,37,4,David E. Price,Democratic,yes,yes,no,no,yes,yes,yes,yes,,,x,M,White
NC,5,37,5,Virginia Foxx,Republican,no,no,no,yes,no,yes,no,yes,,,x,F,White
NC,6,37,6,Howard Coble,Republican,no,no,yes,yes,no,yes,not voting,yes,,,x,M,White
NC,7,37,7,Mike McIntyre,Democratic,no,yes,no,yes,no,yes,yes,no,,,x,M,White
NC,8,37,8,Robin Hayes,Republican,no,yes,no,yes,no,yes,not voting,no,,,x,M,White
NC,9,37,9,Sue Myrick,Republican,no,no,no,yes,no,yes,no,yes,,,x,F,White
NC,10,37,10,Patrick McHenry,Republican,no,no,no,yes,no,yes,no,yes,,,x,M,White
NC,11,37,11,Heath Shuler,Democratic,no,yes,no,yes,yes,,yes,no,,"Real Estate, retired NFL Quarterback",x,M,White
NC,12,37,12,Mel Watt,Democratic,yes,yes,yes,no,yes,no,yes,yes,,,x,M,Black
NC,13,37,13,"Ralph Bradley ""Brad"" Miller",Democratic,yes,yes,yes,no,yes,no,yes,no,,,x,M,White
ND,1,38,0,Earl Ralph Pomeroy,Democratic-Nonpartisan League,no,yes,not voting,yes,yes,no,yes,yes,,,x,M,White
OH,1,39,1,Steve Chabot,Republican,no,no,no,yes,no,yes,no,yes,,,x,M,White
OH,2,39,2,Jean Schmidt,Republican,no,yes,no,yes,no,yes,no,yes,,,x,F,White
OH,3,39,3,Mike Turner,Republican,no,yes,no,yes,yes,yes,no,yes,,,x,M,White
OH,4,39,4,Jim Jordan,Republican,no,no,no,yes,no,,no,yes,,,x,M,White
OH,5,39,5,Bob Latta,Republican,,,,yes,,,,,,,x,M,White
OH,6,39,6,Charlie Wilson,Democratic,no,yes,no,yes,yes,,yes,no,,,x,M,White
OH,7,39,7,David L. Hobson,Republican,no,no,no,yes,yes,no,no,yes,,,Retiring,M,White
OH,8,39,8,John A. Boehner,Republican,no,no,no,yes,no,yes,no,yes,,,x,M,White
OH,9,39,9,Marcy Kaptur,Democratic,yes,yes,no,no,yes,no,yes,no,,,x,F,White
OH,10,39,10,Dennis J. Kucinich,Democratic,yes,yes,yes,no,no,no,not voting,no,,,x,M,White
OH,11,39,11,Vacant,,,,,,,,,,,,,,
OH,12,39,12,Pat Tiberi,Republican,no,no,no,yes,yes,yes,no,yes,,,x,M,White
OH,13,39,13,Betty Sue Sutton,Democratic,yes,yes,yes,no,yes,,yes,no,,,x,F,White
OH,14,39,14,Steve LaTourette,Republican,no,yes,yes,yes,yes,yes,yes,no,,,x,M,White
OH,15,39,15,Deborah Pryce,Republican,no,yes,yes,yes,yes,no,no,yes,,,Retiring,F,White
OH,16,39,16,Ralph Regula,Republican,no,yes,yes,yes,yes,yes,no,yes,,,Retiring,M,White
OH,17,39,17,Tim Ryan,Democratic,yes,yes,not voting,no,yes,no,yes,no,,,x,M,White
OH,18,39,18,Zack Space,Democratic,no,yes,yes,yes,yes,,yes,no,,,x,M,White
OK,1,40,1,John Sullivan,Republican,no,no,no,yes,no,yes,no,yes,,,x,M,White
OK,2,40,2,Dan Boren,Democratic,no,yes,yes,yes,no,yes,no,not voting,,,x,M,White
OK,3,40,3,Frank D. Lucas,Republican,no,no,no,yes,no,yes,no,yes,,,x,M,White
OK,4,40,4,Tom Cole,Republican,no,no,no,yes,no,yes,no,yes,,,x,M,White
OK,5,40,5,Mary C. Fallin,Republican,no,no,no,yes,no,,no,yes,,,x,F,White
OR,1,41,1,David Wu,Democratic,yes,yes,yes,no,yes,no,yes,no,,,x,M,Other
OR,2,41,2,"Gregory Paul ""Greg"" Walden",Republican,no,yes,yes,yes,no,yes,no,yes,,,x,M,White
OR,3,41,3,Earl Blumenauer,Democratic,yes,yes,yes,no,yes,no,yes,yes,,,x,M,White
OR,4,41,4,"Peter Anthony ""Pete"" DeFazio",Democratic,yes,yes,yes,no,yes,no,yes,no,,,x,M,White
OR,5,41,5,Darlene Hooley,Democratic,yes,yes,yes,no,yes,no,yes,yes,,,Retiring,F,White
PA,1,42,1,Robert A. Brady,Democratic,not voting,yes,yes,no,yes,no,yes,no,,,x,M,White
PA,2,42,2,Chaka Fattah,Democratic,not voting,yes,yes,no,yes,no,yes,yes,,,x,M,Black
PA,3,42,3,Phil English,Republican,no,yes,no,yes,yes,yes,no,yes,,,x,M,White
PA,4,42,4,Jason Altmire,Democratic,no,yes,yes,yes,yes,,yes,no,,,x,M,White
PA,5,42,5,John E. Peterson,Republican,no,yes,no,not voting,no,yes,no,yes,,,Retiring,M,White
PA,6,42,6,Jim Gerlach,Republican,no,yes,yes,yes,yes,no,yes,yes,,,x,M,White
PA,7,42,7,Joe Sestak,Democratic,yes,yes,yes,yes,yes,,yes,yes,,,x,M,White
PA,8,42,8,Patrick J. Murphy,Democratic,yes,yes,yes,yes,yes,yes,yes,no,,,x,M,White
PA,9,42,9,Bill Shuster,Republican,no,no,no,yes,no,yes,no,yes,,,x,M,White
PA,10,42,10,Chris Carney,Democratic,no,yes,yes,yes,yes,,yes,no,,,x,M,White
PA,11,42,11,Paul E. Kanjorski,Democratic,yes,yes,yes,yes,yes,no,yes,no,,,x,M,White
PA,12,42,12,John P. Murtha,Democratic,yes,yes,yes,yes,yes,no,yes,yes,,,x,M,White
PA,13,42,13,Allyson Y. Schwartz,Democratic,no,yes,yes,no,yes,no,yes,yes,,,x,F,White
PA,14,42,14,Mike Doyle,Democratic,yes,yes,yes,no,yes,no,yes,no,,,x,M,White
PA,15,42,15,Charlie Dent,Republican,no,yes,yes,yes,yes,yes,yes,yes,,,x,M,White
PA,16,42,16,Joseph Pitts,Republican,no,no,no,yes,no,yes,no,yes,,,x,M,White
PA,17,42,17,Tim Holden,Democratic,no,yes,not voting,yes,yes,yes,yes,no,,,x,M,White
PA,18,42,18,Tim Murphy,Republican,no,yes,no,yes,yes,,no,no,,,x,M,White
PA,19,42,19,Todd R. Platts,Republican,no,yes,yes,yes,yes,yes,yes,yes,,,x,M,White
RI,1,44,1,Patrick J. Kennedy,Democratic,yes,yes,yes,no,yes,no,yes,no,,,x,M,White
RI,2,44,2,James R. Langevin,Democratic,yes,yes,yes,yes,yes,no,yes,no,,,x,M,White
SC,1,45,1,"Henry E. Brown, Jr.",Republican,no,no,no,yes,no,yes,no,yes,,,x,M,White
SC,2,45,2,Joe Wilson,Republican,no,no,no,yes,no,yes,no,yes,,,x,M,White
SC,3,45,3,J. Gresham Barrett,Republican,no,no,no,yes,no,yes,no,yes,,,x,M,White
SC,4,45,4,"Robert D. ""Bob"" Inglis",Republican,no,no,no,yes,no,yes,yes,yes,,,x,M,White
SC,5,45,5,John Spratt,Democratic,no,yes,yes,yes,yes,yes,yes,no,,,x,M,White
SC,6,45,6,"James E. ""Jim"" Clyburn",Democratic,yes,yes,yes,yes,yes,no,yes,yes,,,x,M,Black
SD,1,46,0,Stephanie M. Herseth Sandlin,Democratic,no,yes,yes,yes,yes,yes,yes,yes,,,x,F,White
TN,1,47,1,David Davis,Republican,no,no,no,yes,no,yes,no,yes,,,Lost primary,M,White
TN,2,47,2,"John J. Duncan, Jr.",Republican,yes,yes,no,yes,no,yes,no,no,,,x,M,White
TN,3,47,3,Zach Wamp,Republican,no,yes,no,yes,no,yes,no,yes,,,x,M,White
TN,4,47,4,Lincoln Edward Davis,Democratic,no,yes,no,yes,yes,yes,yes,yes,,,x,M,White
TN,5,47,5,Jim Cooper,Democratic,no,yes,yes,yes,yes,yes,yes,yes,,,x,M,White
TN,6,47,6,Bart Gordon,Democratic,no,yes,yes,yes,yes,yes,yes,yes,,,x,M,White
TN,7,47,7,Marsha Blackburn,Republican,no,no,no,yes,no,yes,no,yes,,,x,F,White
TN,8,47,8,John S. Tanner,Democratic,no,yes,yes,yes,yes,yes,no,yes,,,x,M,White
TN,9,47,9,Steve Cohen,Democratic,yes,yes,yes,no,yes,,yes,no,,,x,M,White
TX,1,48,1,Louie Gohmert,Republican,no,no,no,not voting,no,yes,no,yes,,,x,M,White
TX,2,48,2,Ted Poe,Republican,no,yes,no,yes,not voting,yes,no,not voting,,,x,M,White
TX,3,48,3,Sam Johnson,Republican,no,no,no,yes,no,not voting,not voting,yes,,,x,M,White
TX,4,48,4,Ralph M. Hall,Republican,no,no,no,yes,no,yes,no,yes,,,x,M,White
TX,5,48,5,Jeb Hensarling,Republican,no,no,no,yes,no,yes,no,yes,,,x,M,White
TX,6,48,6,Joe Barton,Republican,no,no,yes,yes,no,yes,no,yes,,,x,M,White
TX,7,48,7,John Culberson,Republican,no,no,no,yes,no,yes,no,yes,,,x,M,White
TX,8,48,8,Kevin Brady,Republican,no,no,no,yes,no,yes,no,yes,,,x,M,White
TX,9,48,9,Al Green,Democratic,yes,yes,yes,yes,yes,no,yes,no,,,x,M,Black
TX,10,48,10,Michael T. McCaul,Republican,no,no,no,yes,no,yes,no,yes,,,x,M,White
TX,11,48,11,Mike Conaway,Republican,no,no,no,yes,no,yes,no,yes,,,x,M,White
TX,12,48,12,Kay Granger,Republican,no,no,yes,yes,no,yes,no,yes,,,x,F,White
TX,13,48,13,Mac Thornberry,Republican,no,no,no,yes,no,yes,no,yes,,,x,M,White
TX,14,48,14,"Ronald E. ""Ron"" Paul",Republican,yes,no,no,not voting,no,no,not voting,no,,,x,M,White
TX,15,48,15,Ruben Hinojosa,Democratic,yes,yes,yes,yes,yes,not voting,not voting,yes,,,x,M,Hispanic
TX,16,48,16,Silvestre Reyes,Democratic,yes,yes,yes,yes,yes,no,yes,yes,,,x,M,Hispanic
TX,17,48,17,Chet Edwards,Democratic,no,no,yes,yes,yes,yes,no,yes,,,x,M,White
TX,18,48,18,Sheila Jackson Lee,Democratic,yes,yes,yes,no,yes,no,yes,no,,,x,F,Black
TX,19,48,19,Randy Neugebauer,Republican,no,no,no,yes,no,yes,no,yes,,,x,M,White
TX,20,48,20,Charles A. Gonzalez,Democratic,yes,yes,yes,no,yes,no,yes,yes,,,x,M,Hispanic
TX,21,48,21,Lamar Smith,Republican,no,yes,no,yes,no,yes,no,yes,,,x,M,White
TX,22,48,22,Nick Lampson,Democratic,no,yes,yes,yes,yes,,no,yes,,,x,M,White
TX,23,48,23,Ciro D. Rodriguez,Democratic,no,yes,yes,yes,yes,,yes,no,,,x,M,Hispanic
TX,24,48,24,Kenny E. Marchant,Republican,no,yes,no,yes,no,,no,yes,,,x,M,White
TX,25,48,25,Lloyd Doggett,Democratic,yes,yes,yes,no,yes,no,yes,yes,,,x,M,White
TX,26,48,26,Michael C. Burgess,Republican,no,no,no,yes,no,yes,no,no,,,x,M,White
TX,27,48,27,Solomon P. Ortiz,Democratic,no,yes,yes,yes,yes,yes,yes,yes,,,x,M,Hispanic
TX,28,48,28,Henry Cuellar,Democratic,no,yes,yes,yes,yes,yes,yes,yes,,,x,M,Hispanic
TX,29,48,29,Gene Green,Democratic,no,yes,yes,yes,yes,no,yes,no,,,x,M,White
TX,30,48,30,Eddie Bernice Johnson,Democratic,yes,yes,yes,no,not voting,no,yes,yes,,,x,F,Black
TX,31,48,31,John Rice Carter,Republican,no,no,no,yes,no,yes,no,yes,,,x,M,White
TX,32,48,32,Pete Sessions,Republican,no,no,no,yes,no,yes,no,yes,,,x,M,White
UT,1,49,1,"Robert William ""Rob"" Bishop",Republican,no,no,no,yes,no,yes,no,no,,,x,M,White
UT,2,49,2,"James David ""Jim"" Matheson",Democratic,no,yes,yes,yes,yes,yes,no,yes,,,x,M,White
UT,3,49,3,Chris Cannon,Republican,no,no,no,not voting,no,yes,no,yes,,,Lost Primary,M,White
VT,1,50,0,Peter F. Welch,Democratic,yes,yes,yes,no,yes,,yes,no,,,x,M,White
VA,1,51,1,"Robert J. ""Rob"" Wittman",Republican,,,,yes,,,,,,,x,M,White
VA,2,51,2,Thelma D. Drake,Republican,no,no,no,yes,no,yes,no,yes,,,x,F,White
VA,3,51,3,Robert C. Scott,Democratic,yes,yes,yes,no,yes,no,yes,no,,,x,M,Black
VA,4,51,4,J. Randy Forbes,Republican,no,yes,no,yes,no,yes,no,yes,,,x,M,White 
VA,5,51,5,"Virgil H. Goode, Jr.",Republican,no,yes,no,yes,no,yes,not voting,no,,,x,M,White 
VA,6,51,6,Bob Goodlatte,Republican,no,yes,no,yes,no,yes,no,yes,,,x,M,White 
VA,7,51,7,Eric Cantor,Republican,not voting,no,not voting,yes,no,yes,no,yes,,,x,M,White 
VA,8,51,8,James P. Moran,Democratic,yes,yes,yes,no,yes,no,yes,yes,,,x,M,White 
VA,9,51,9,Rick Boucher,Democratic,no,yes,yes,yes,yes,yes,yes,no,,,x,M,White 
VA,10,51,10,Frank R. Wolf,Republican,no,yes,no,yes,yes,yes,yes,yes,,,x,M,White 
VA,11,51,11,Tom Davis,Republican,no,no,yes,yes,yes,yes,no,yes,,,Retiring,M,White 
WA,1,53,1,Jay Inslee,Democratic,yes,yes,yes,no,yes,no,yes,yes,,,x,M,White 
WA,2,53,2,Rick Larsen,Democratic,yes,yes,yes,no,yes,no,yes,yes,,,x,M,White 
WA,3,53,3,Brian Baird,Democratic,yes,yes,yes,yes,yes,no,yes,yes,,,x,M,White 
WA,4,53,4,Doc Hastings,Republican,no,no,no,yes,no,yes,no,no,,,x,M,White 
WA,5,53,5,Cathy Ann McMorris Rodgers,Republican,not voting,no,no,yes,yes,yes,no,no,,,x,F,White 
WA,6,53,6,Norm Dicks,Democratic,yes,yes,yes,yes,yes,no,yes,yes,,,x,M,White 
WA,7,53,7,Jim McDermott,Democratic,yes,yes,yes,no,yes,no,yes,yes,,,x,M,White 
WA,8,53,8,Dave Reichert,Republican,no,yes,yes,yes,yes,yes,yes,yes,,,x,M,White 
WA,9,53,9,Adam Smith,Democratic,yes,yes,yes,yes,yes,no,yes,yes,,,x,M,White 
WV,1,54,1,Alan Mollohan,Democratic,yes,yes,no,no,yes,no,yes,no,,,x,M,White 
WV,2,54,2,Shelley Moore Capito,Republican,no,yes,yes,yes,yes,yes,no,yes,,,x,F,White 
WV,3,54,3,Nick Rahall,Democratic,yes,yes,no,yes,yes,yes,yes,no,,,x,M,White 
WI,1,55,1,Paul D. Ryan,Republican,no,no,yes,yes,no,yes,no,yes,,,x,M,White 
WI,2,55,2,Tammy Baldwin,Democratic,yes,yes,yes,no,yes,no,yes,no,,,x,F,White 
WI,3,55,3,Ron Kind,Democratic,no,yes,yes,yes,yes,not voting,yes,yes,,,x,M,White 
WI,4,55,4,Gwen Moore,Democratic,yes,yes,yes,no,yes,no,yes,not voting,,,x,F,Black
WI,5,55,5,"F. James ""Jim"" Sensenbrenner, Jr.",Republican,no,no,no,yes,no,yes,no,yes,,,x,M,White 
WI,6,55,6,"Thomas E. ""Tom"" Petri",Republican,no,yes,no,yes,yes,yes,yes,yes,,,x,M,White 
WI,7,55,7,David R. Obey,Democratic,yes,yes,yes,no,yes,no,yes,no,,,x,M,White 
WI,8,55,8,Steve Kagen,Democratic,yes,yes,not voting,no,yes,,yes,no,,,x,M,White 
WY,1,56,0,Barbara Cubin,Republican,no,no,no,yes,not voting,yes,no,not voting,,,Retiring,F,White 
